metagenome	source	function	abundance	avg eValue	avg % ident	avg align len	# hits	
4480867.3	SEED	Translation elongation factor 3	101	-5.98	84.108	28.931	7	
4480867.3	SEED	Pyridoxamine 5&#39;-phosphate oxidase	101	-7.218	83.783	29.931	1	
4480867.3	SEED	ABC-type oligopeptide transport system periplasmic component	101	-5.109	76.325	29.911	1	
4480867.3	SEED	sugar ABC transporter, ATP-binding protein (ATP-bindingprot)	102	-5.137	82.791	27.745	1	
4480867.3	SEED	Protein often found in Actinomycetes clustered with signal peptidase and/or RNaseHII	102	-5.855	85.797	27.684	32	
4480867.3	SEED	Pre-mRNA splicing factor PRP8	103	-8.029	90.914	29.922	15	
4480867.3	SEED	regulator; Surface structures	103	-6.845	89.888	27.825	1	
4480867.3	SEED	transcriptional regulator, rpiR family	103	-5.058	79.775	29.748	1	
4480867.3	SEED	Chaperone protein clpB	104	-5.683	88.441	27.298	5	
4480867.3	SEED	PTS system, galactosamine-specific IIC component (EC 2.7.1.69)	104	-6.343	83.61	28.649	6	
4480867.3	SEED	Capsular polysaccharide synthesis enzyme Cap8D	104	-5.237	79.374	29.807	10	
4480867.3	SEED	putative 1,3-beta-glucan synthase component	105	-8.857	96.75	29.524	3	
4480867.3	SEED	Protein required for nuclear migration, localizes to the mother cell cortex and the bud tip; may mediate interactions of dynein and cytoplasmic microtubules with the cell cortex	105	-8.943	96.76	30.838	1	
4480867.3	SEED	Tn5252, Orf26	105	-5.4	79.089	29.067	2	
4480867.3	SEED	6-phospho-beta-glucosidase bglA (EC 3.2.1.86)	106	-5.728	76.336	29.108	6	
4480867.3	SEED	Restriction endonuclease S subunits	107	-5.593	85.007	28.178	7	
4480867.3	SEED	macrolide export ATP-binding/permease protein MacB 2( EC:3.6.3.- )	107	-5.467	79.151	29.626	1	
4480867.3	SEED	2-amino-3-carboxymuconate 6-semialdehyde decarboxylase	107	-8.084	95.316	29.561	9	
4480867.3	SEED	Translation initiation factor IF-2	107	-6.897	80.716	30.374	2	
4480867.3	SEED	type IV pilus biogenesis protein PilJ	108	-6.463	93.707	28.176	11	
4480867.3	SEED	Putative catalase (EC 1.11.1.6)	108	-5.25	80.104	29.019	2	
4480867.3	SEED	Aspartate decarboxylase AsdA	109	-5.917	83.964	28.483	6	
4480867.3	SEED	Cytoplasmic membrane protein LemA	109	-5.404	81.033	29.037	6	
4480867.3	SEED	thiamine biosynthesis protein ThiH	109	-7.156	85.059	30.128	4	
4480867.3	SEED	Homocitrate synthase omega subunit (EC 2.3.3.14)	109	-7.468	93.141	29.119	2	
4480867.3	SEED	Capsular polysaccharide synthesis enzyme Cap8F	110	-7.215	79.017	30.678	3	
4480867.3	SEED	shut off host DNA synthesis protein	110	-10.445	98.791	30.618	1	
4480867.3	SEED	D-glucuronyl C5 epimerase A	110	-8.664	96.741	29	1	
4480867.3	SEED	IgA protease	110	-9.218	98.547	29.609	2	
4480867.3	SEED	D-glucuronyl C5-epimerase (EC 5.1.3.-)	111	-8.595	95.609	29.054	3	
4480867.3	SEED	XAA-His dipeptidase	112	-5.161	80.163	27.214	1	
4480867.3	SEED	Yersiniabactin synthetase, thiazolinyl reductase component Irp3	112	-8.795	97.032	30.393	3	
4480867.3	SEED	Aconitate hydratase 2 (EC 4.2.1.3)	113	-5.026	86.929	26.53	44	
4480867.3	SEED	N-acyl homoserine lactone hydrolase	113	-5.825	83.091	27.517	20	
4480867.3	SEED	Specificity determinant HsdS	114	-7.158	92.21	28.175	1	
4480867.3	SEED	Respiratory nitrate reductase beta chain (EC 1.7.99.4)	114	-5.92	84.418	26.483	45	
4480867.3	SEED	Ribitol/Xylitol/Arabitol transporter, MFS superfamily	114	-5.243	79.162	28.286	13	
4480867.3	SEED	Anaerobic dicarboxylate transport protein	115	-5.522	81.663	28.87	1	
4480867.3	SEED	Ferric reductase (1.6.99.14)	115	-7.461	92.622	28.783	9	
4480867.3	SEED	Nucleotide sugar epimerase	117	-5.111	81.037	27.615	25	
4480867.3	SEED	(U59485) AttH	117	-9.795	98.603	29.983	1	
4480867.3	SEED	Arginine decarboxylase (EC 4.1.1.19); Ornithine decarboxylase (EC 4.1.1.17); Lysine decarboxylase (EC 4.1.1.18)	118	-6.354	85.243	28.378	35	
4480867.3	SEED	xylan degradation	118	-5.881	83.461	26.805	4	
4480867.3	SEED	COG4930: Predicted ATP-dependent Lon-type protease	118	-5.983	80.821	29.161	1	
4480867.3	SEED	Sensor histidine kinase CiaH	119	-7.034	94.364	28.361	3	
4480867.3	SEED	putative glycolate oxidase	119	-5.513	77.378	30.05	1	
4480867.3	SEED	metallo-beta-lactamase domain protein	119	-5.924	76.113	30.185	1	
4480867.3	SEED	Small acid-soluble spore protein	120	-5.058	88.107	26.692	13	
4480867.3	SEED	tRNA(Ile)-lysidine synthetase / Hypoxanthine-guanine phosphoribosyltransferase (EC 2.4.2.8)	120	-5.494	80.05	28.321	10	
4480867.3	SEED	Putative pullulanase PulA and related glycosidases	121	-7.116	84.657	29.331	3	
4480867.3	SEED	gene C protein	121	-7.24	98.726	26.967	1	
4480867.3	SEED	UPF0331 protein MA_1296	122	-5.492	84.839	27.697	2	
4480867.3	SEED	probable serine-threonine protein kinase	123	-6.065	83.568	29.602	3	
4480867.3	SEED	Pesticidial crystal protein cry6Aa	123	-9.447	97.97	31.699	1	
4480867.3	SEED	UTP--glucose-1-phosphate uridylyltransferase( EC:2.7.7.9 )	124	-5.161	80.144	28.218	12	
4480867.3	SEED	YabJ, a purine regulatory protein and member of the highly conserved YjgF family / Endoribonuclease L-PSP	124	-6.911	83.572	29.992	1	
4480867.3	SEED	short-chain alcohol dehydrogenase family protein( EC:1.1.1.69 )	124	-8.661	88.591	31	1	
4480867.3	SEED	ATPase AAA-2 domain protein	125	-6.432	84.878	29.576	11	
4480867.3	SEED	ABC Transporter, ATP-binding protein	125	-5.545	80.333	29.883	3	
4480867.3	SEED	Ubiquitin-specific protease	125	-8.592	98.709	29.296	4	
4480867.3	SEED	Secreted metal-dependent hydrolase, amidohydrolase family	126	-7.683	90.673	30.127	3	
4480867.3	SEED	Iron(III) ABC transporter, solute-binding protein	127	-5.551	86.9	27.346	12	
4480867.3	SEED	Malate synthase (EC 2.3.3.9)	128	-5.257	86.965	26.439	46	
4480867.3	SEED	probable permease of ABC transporter for peptides	128	-6.281	85.913	29.883	5	
4480867.3	SEED	metal-dependent hydrolase	128	-7.797	83.182	30.234	4	
4480867.3	SEED	terminase	129	-5.984	80.907	29.163	3	
4480867.3	SEED	streptogramin A resistance protein	129	-6.14	78.694	30.155	1	
4480867.3	SEED	large subunit of NADH-dependent glutamate synthase	130	-6.554	84.491	29.746	1	
4480867.3	SEED	LuxC, acyl-CoA reductase (EC 1.2.1.50)	130	-6.469	92.584	27.462	5	
4480867.3	SEED	Putative Staphylococcal surface anchored protein	131	-5.106	92.241	25.917	6	
4480867.3	SEED	Mlp proteins restrict telomere length by influencing the Rif1-Tel1 pathway of telomerase regulation; also involved in the translocation of macromolecules between the nucleoplasm and the NPC	133	-8.158	97.969	30.158	2	
4480867.3	SEED	inosine-5&#39;-monophosphate dehydrogenase related protein IX	133	-5.128	80.414	28.662	5	
4480867.3	SEED	Protein natB	133	-6.511	86.699	30.459	2	
4480867.3	SEED	Cytoplasmic heavy chain dynein, microtubule motor protein, required for anaphase spindle elongation; involved in spindle assembly, chromosome movement, and spindle orientation during cell division, targeted to microtubule tips by Pac1p	133	-8.97	98.293	30.677	1	
4480867.3	SEED	glycine betaine/carnitine/choline ABC transporter, permease protein	134	-5.015	79.358	28.813	6	
4480867.3	SEED	Succinyl-CoA:coenzyme A transferase (EC 2.8.3.-)	135	-5.852	86.885	28.474	2	
4480867.3	SEED	glutamate mutase, mutE	135	-5.563	78.438	30.022	1	
4480867.3	SEED	UDP-glucuronate 5&#39;-epimerase (EC 5.1.3.12)	135	-5.326	79.838	28.587	17	
4480867.3	SEED	Similar to Glutamate--cysteine ligase (EC 6.3.2.2)	137	-5.651	80.715	27.849	4	
4480867.3	SEED	GDP-mannose 4,6-dehydratase	138	-5.101	77.32	28.746	27	
4480867.3	SEED	Tsl1887 protein	139	-5.863	82.585	30.115	1	
4480867.3	SEED	ATP-binding protein of ABC transporter system	140	-5.48	82.372	28.926	8	
4480867.3	SEED	4-carboxymuconolactone decarboxylase	140	-5.464	77.649	30.021	5	
4480867.3	SEED	SAM-dependent methlytransferase UbiG	141	-5.167	79.926	27.995	6	
4480867.3	SEED	proline iminopeptidase	141	-5.709	82.979	28.092	6	
4480867.3	SEED	flavoprotein AI	141	-5.454	76.064	29.177	1	
4480867.3	SEED	Similar to nitrogenase cofactor scaffold and assembly proteins	145	-6.451	86.704	28.289	6	
4480867.3	SEED	IS1469, transposase	145	-6.014	84.826	26.71	1	
4480867.3	SEED	Putative two-domain glycosyltransferase	147	-5.68	91.214	25.415	14	
4480867.3	SEED	UDP-N-acetylglucosamine 4,6-dehydratase / UDP-D-quinovosamine 4- dehydrogenase (EC 4.2.1.-) (EC 1.1.1.-)	148	-5.534	79.191	28.838	1	
4480867.3	SEED	Protein-N p-phosphohistidine-sugar phosphotransferase (EC 2.7.1.69)	149	-5.463	78.282	29.745	1	
4480867.3	SEED	Nitrogenase (vanadium-iron) alpha chain (EC 1.18.6.1)	152	-6.52	81.102	29.691	5	
4480867.3	SEED	Probable lipoprotein	152	-5.33	86.299	26.592	31	
4480867.3	SEED	Glycerol-3-phosphate dehydrogenase (NAD(P)+) (EC 1.1.1.94)	155	-5.381	80.435	30.129	8	
4480867.3	SEED	capsular polysaccharide biosynthesis protein Cps4J	155	-6.006	82.437	29.026	2	
4480867.3	SEED	Midasin, pseudo-hexameric assembly of AAA protomers associated with a C-terminal MIDAS-containing M-domain, associated with 60S pre-ribosomes (large subunit precursor) and their export from the nucleus	155	-9.361	98.979	30.897	1	
4480867.3	SEED	Major tail protein	156	-5.192	84.718	27.513	6	
4480867.3	SEED	Small, acid-soluble spore protein C1 (SASP) (ASSP) (SSP-2)	157	-6.057	81.83	30.096	1	
4480867.3	SEED	Type III restriction enzyme, res subunit:DEAD/DEAH box helicase, N- terminal	159	-7.566	95.773	28.333	6	
4480867.3	SEED	primase, putative	160	-5.369	77.178	29.094	1	
4480867.3	SEED	Glycerol-3-phosphate dehydrogenase related protein	160	-6.656	91.561	27.6	11	
4480867.3	SEED	chemotaxis sensory transducer	161	-6.224	87.759	30.298	6	
4480867.3	SEED	Biotin carboxylase of methylcrotonyl-CoA carboxylase (EC 6.3.4.14)	162	-5	77.053	29.29	18	
4480867.3	SEED	bacteriocin ABC transporter, ATP-binding protein, putative	162	-5.407	78.431	29.969	2	
4480867.3	SEED	Sporulation kinase A	163	-8.632	98.224	30.153	2	
4480867.3	SEED	Identified by gene-trapping, microarray-based expression analysis, and genome-wide homology searching	164	-6.323	97.661	25.982	23	
4480867.3	SEED	Succinate-semialdehyde dehydrogenase, CoA-dependent	164	-5.5	84.326	28.604	3	
4480867.3	SEED	DNA-directed RNA polymerase beta subunit (EC 2.7.7.6), chloroplast	165	-5.818	89.286	27.085	18	
4480867.3	SEED	transposase IS200-like	165	-5.139	77.872	27.952	5	
4480867.3	SEED	no significant homology 4 putative transmembrane regions were found by PSORT.	166	-5.107	80.713	29.095	5	
4480867.3	SEED	Putative reductase (alkanesulfonate metabolism)	166	-7.675	91.753	28.5	18	
4480867.3	SEED	Indole-3-glycerol phosphate synthase (EC 4.1.1.48) / Tryptophan synthase beta chain (EC 4.2.1.20) # TrpD/TrpEb	167	-6.333	85.822	29.228	4	
4480867.3	SEED	Protein tyrosine phosphatase II superfamily protein	168	-5.036	85.081	26.527	6	
4480867.3	SEED	TraG/TraD family	168	-6.149	79.946	30.28	1	
4480867.3	SEED	Capsular polysaccharide synthesis enzyme	169	-5.544	78.365	29.746	1	
4480867.3	SEED	similar to hypothetical proteins	170	-5.297	82.382	27.224	10	
4480867.3	SEED	Probable endo-1,4-beta-xylanase	171	-5.14	83.683	26.661	7	
4480867.3	SEED	Methyl-accepting chemotaxis-like protein	172	-5.657	88.994	28.012	4	
4480867.3	SEED	probable DEAD box-like helicase	173	-6.844	85.536	29.711	3	
4480867.3	SEED	Putative deacetylase	174	-5.655	79.169	28.356	2	
4480867.3	SEED	FIG004684: SpoVR-like protein	174	-6.043	84.602	27.798	20	
4480867.3	SEED	transposase for the IS1541 insertion element	174	-5.624	77.144	28.903	11	
4480867.3	SEED	Prophage Lp2 protein 52	182	-9.302	97.42	30.56	1	
4480867.3	SEED	IS5 transposase and trans-activator	186	-7.005	82.003	29.86	2	
4480867.3	SEED	Recombination protein RecU	187	-5.309	76.524	28.78	38	
4480867.3	SEED	Thiamin biosynthesis protein ThiC / Thiamin-phosphate pyrophosphorylase (EC 2.5.1.3)	187	-5.952	83.816	27.995	2	
4480867.3	SEED	Spore germination protein KB	189	-5.735	85.421	28.143	3	
4480867.3	SEED	transposase for insertion sequence element IS200	191	-5.144	78.721	27.054	11	
4480867.3	SEED	Nucleolar protein, component of the small subunit (SSU) processome containing the U3 snoRNA that is involved in processing of pre-18S rRNA	192	-8.641	99.056	30.052	10	
4480867.3	SEED	GTP-binding protein, HSR1-related	192	-5.391	80.335	28.984	2	
4480867.3	SEED	centromere protein F (350/400kD)	193	-6.596	94.071	26.425	2	
4480867.3	SEED	DNA gyrase subunit A (EC 5.99.1.3) # frameshift	193	-5.585	76.86	30.632	1	
4480867.3	SEED	FIG060329: hypothetical protein / Molybdenum cofactor biosynthesis protein MoaB @ Molybdopterin biosynthesis Mog protein, molybdochelatase	194	-5.299	76.147	29.258	2	
4480867.3	SEED	probable membrane protein STY4873	194	-8.711	97.976	30.402	9	
4480867.3	SEED	putative maltose/maltodextrin ABC transporter, ATP-binding protein	195	-5.933	84.205	28.985	4	
4480867.3	SEED	ATPase components of ABC transporter with duplicated ATPase domains (second domain is inactivated)	196	-5.245	76.784	29.474	1	
4480867.3	SEED	Glycyl-tRNA synthetase alpha chain (EC 6.1.1.14)	196	-5.848	81.37	28.134	120	
4480867.3	SEED	Predicted glycogen synthase, ADP-glucose transglucosylase (EC 2.4.1.21), Actinobacterial type	196	-5.148	80.824	27.617	41	
4480867.3	SEED	2,3-dihydroxybenzoate-AMP ligase (EC 2.7.7.58)	197	-6.192	87.758	28.369	27	
4480867.3	SEED	UPF0313 protein CPE1196	197	-5.888	76.745	30.076	3	
4480867.3	SEED	Chromosomal replication initiator protein DnaA # frameshift	197	-6.036	83.76	29.117	4	
4480867.3	SEED	transmembrane transport protein possibly for shikimate	198	-6.379	86.67	28.606	7	
4480867.3	SEED	Type IV pilus biogenesis protein PilM	199	-5.413	91.97	26.433	28	
4480867.3	SEED	polar amino acid uptake family ABC transporter, PAAT family, ATP-binding protein	199	-5.558	83.216	29.095	3	
4480867.3	SEED	glutamate synthase (NADPH) small chain	199	-5.332	80.141	29.176	3	
4480867.3	SEED	Capsular polysaccharide synthesis enzyme Cap8G	199	-5.376	77.454	29.603	2	
4480867.3	SEED	Capsular polysaccharide synthesis enzyme Cap5E	200	-5.927	80.178	30.127	5	
4480867.3	SEED	possible oxidoreductase of the aldo/keto reductase family	202	-5.416	83.486	27.886	7	
4480867.3	SEED	Plasmid recombination enzyme	203	-6.561	88.111	28.502	3	
4480867.3	SEED	Probable cation-transporting P-type ATPase C (EC 3.6.3.-)	203	-8.626	96.872	30.345	1	
4480867.3	SEED	uncharacterized secreted protein, YBBR Bacillus subtilis homolog	207	-5.074	87.24	27.558	19	
4480867.3	SEED	Sulfate-binding protein Sbp	208	-5.295	86.601	26.737	47	
4480867.3	SEED	Dipeptide-binding ABC transporter, periplasmic substrate-binding component (TC 3.A.1.5.2); Putative hemin-binding lipoprotein	208	-5.247	85.254	27	16	
4480867.3	SEED	Gll2718 protein	209	-6.234	93.833	26.287	2	
4480867.3	SEED	Lysine-specific permease	214	-5.681	81.493	28.964	59	
4480867.3	SEED	COG2826: Transposase and inactivated derivatives, IS30 family	214	-5.491	89.87	25.589	23	
4480867.3	SEED	cobalt ABC transporter, ATPase subunit	216	-6.472	80.686	30.722	3	
4480867.3	SEED	ABC-type transporter, duplicate ATPase component	216	-5.144	78.346	29.968	1	
4480867.3	SEED	hypothetical sugar isomerase	217	-5.429	76.821	28.668	1	
4480867.3	SEED	PTS system, fructose- and mannose-inducible IIB component (EC 2.7.1.69)	218	-5.1	79.284	28.177	13	
4480867.3	SEED	ORF13	219	-6.178	85.156	29.183	1	
4480867.3	SEED	Dihydroflavonol-4-reductase (EC 1.1.1.219)	220	-5.823	90.92	26.295	20	
4480867.3	SEED	probable phosphomannomutase	221	-5.281	80.398	28.679	4	
4480867.3	SEED	Metallo-beta-lactamase precursor	221	-5.425	81.199	27.489	4	
4480867.3	SEED	2,4-dienoyl-CoA reductase	222	-7.491	91.206	29.631	8	
4480867.3	SEED	MurG2 [EC:2.4.1.227]	223	-5.368	81.326	28.404	1	
4480867.3	SEED	sodium:solute symporter	225	-5.769	81.901	28.876	18	
4480867.3	SEED	ABC transporter, ATPase component (two ATPase domains)	225	-5.582	79.794	28.858	1	
4480867.3	SEED	Two-component response regulator yvrH	226	-5.549	85.105	27.535	3	
4480867.3	SEED	Transcription accessory protein TEX, RNA-binding protein containing S1 domain	226	-5.221	79.55	29.513	2	
4480867.3	SEED	Methyl coenzyme M reductase II alpha subunit (EC 2.8.4.1)	227	-7.079	85.552	29.392	2	
4480867.3	SEED	von Willebrand factor, type A	228	-5.658	89.901	27.132	17	
4480867.3	SEED	radical SAM domain protein protein	229	-5.118	76.754	28.69	2	
4480867.3	SEED	Tetracycline resistance protein TetW	229	-8.467	91.924	31.262	3	
4480867.3	SEED	transposase of IS200 family	232	-6.02	81.311	28.171	7	
4480867.3	SEED	Transcription regulator AbrB	232	-5.086	82.751	27.086	8	
4480867.3	SEED	Ferredoxin--NADP(+) reductase, actinobacterial (eukaryote-like) type (EC 1.18.1.2)	233	-5.837	84.616	28.089	32	
4480867.3	SEED	Respiratory nitrate reductase alpha chain (EC 1.7.99.4)	233	-5.796	84.263	27.137	79	
4480867.3	SEED	phage major tail protein, phi13 family subfamily	234	-5.291	79.535	29.731	2	
4480867.3	SEED	transposase (09)	236	-5.271	80.043	27.979	3	
4480867.3	SEED	putative polyketide synthase	238	-8.559	97.079	29.689	6	
4480867.3	SEED	Glutamate synthase domain 2	238	-5.744	85.856	27.975	8	
4480867.3	SEED	FIG143747: hypothetical protein within a prophage	239	-6.736	86.698	28.891	2	
4480867.3	SEED	GltD	239	-5.18	73.917	29.134	2	
4480867.3	SEED	PepD	242	-5.855	77.206	28.913	1	
4480867.3	SEED	Spore germination protein, GRKB	243	-5.539	84.294	27.535	1	
4480867.3	SEED	methylaspartate ammonia-lyase	245	-5.241	80.109	28.886	3	
4480867.3	SEED	Nitrogenase (iron-iron) beta chain (EC 1.18.6.1)	246	-5.431	80.688	28.333	10	
4480867.3	SEED	Ferredoxin--sulfite reductase (EC 1.8.7.1)	247	-5.045	88.542	25.947	13	
4480867.3	SEED	Putative copia-type pol polyprotein	251	-5.311	81.046	27.622	5	
4480867.3	SEED	lantibiotic transport ATP-binding protein spaF/mutF	251	-6.088	81.626	30.777	3	
4480867.3	SEED	2,3-dihydro-2,3-dihydroxybenzoate dehydrogenase (EC 1.3.1.28)	253	-5.316	85.636	26.207	18	
4480867.3	SEED	hydroxylamine reductase	255	-6.863	82.911	29.863	2	
4480867.3	SEED	DNA-directed RNA polymerase gamma subunit (EC 2.7.7.6)	258	-7.731	92.097	29.273	24	
4480867.3	SEED	DSBH domain containing protein	263	-5.087	75.494	28.124	8	
4480867.3	SEED	putative Calcium-chelating exported protein	264	-5.542	79.383	29.197	1	
4480867.3	SEED	Possible Zn-finger containing protein	266	-5.164	82.051	27.945	8	
4480867.3	SEED	Probable calcium-transporting ATPase	268	-6.115	87.118	28.812	4	
4480867.3	SEED	SNF2 family protein	270	-5.169	79.775	28.978	8	
4480867.3	SEED	sodium/dicarboxylate or sulfate cotransporter	272	-5.081	82.171	27.746	1	
4480867.3	SEED	Nitrogenase (iron-iron) reductase and maturation protein AnfH	275	-6.325	83.083	28.913	8	
4480867.3	SEED	uncharacterized protein, putative amidase	286	-5.965	78.857	29.51	1	
4480867.3	SEED	Uncharacterized protein PA2218	287	-7.962	87.323	31.551	3	
4480867.3	SEED	Tryptophanyl-tRNA synthetase (EC 6.1.1.2) # type 2	287	-5.977	83.898	29.015	36	
4480867.3	SEED	ABC transporter, efflux permease protein	288	-7.074	85.418	30.709	5	
4480867.3	SEED	type I restriction-modification system, R subunit (EC 3.1.21.3)	293	-6.907	90.704	28.394	25	
4480867.3	SEED	Penicillin-binding protein 3	293	-5.025	86.001	26.936	18	
4480867.3	SEED	BH3976 unknown	296	-5.497	80.437	30.24	1	
4480867.3	SEED	NAD-dependent glyceraldehyde-3-phosphate dehydrogenase (EC 1.2.1.12) # GapC	297	-5.539	81.031	29.654	9	
4480867.3	SEED	Predicted oxidoreductases (related to aryl-alcohol dehydrogenases)	297	-5.684	78.814	29.719	27	
4480867.3	SEED	phage Terminase	298	-5.688	81.156	28.54	7	
4480867.3	SEED	Iron(III) dicitrate transport system permease protein FecC (TC 3.A.1.14.1)	300	-7.412	92.55	28.924	11	
4480867.3	SEED	Redox-active disulfide protein 2	300	-5.007	85.948	27.387	13	
4480867.3	SEED	major capsid protein, HK97 family	302	-7.172	89.151	29.45	4	
4480867.3	SEED	N-formylglutamate deformylase (EC 3.5.1.68)	303	-7.993	93.387	29.428	12	
4480867.3	SEED	SpaF	303	-6.158	85.148	30.125	2	
4480867.3	SEED	Uncharacterized conserved protein, related to pyruvate formate-lyase activating enzyme	304	-6.586	86.055	28.714	1	
4480867.3	SEED	Reverse transcriptase required for splicing of the COX1 pre-mRNA, encoded by a mobile group II intron within the mitochondrial COX1 gene	304	-9.023	95.68	30.398	2	
4480867.3	SEED	Capsular polysaccharide synthesis enzyme Cap8E	305	-6.27	82.016	30.446	5	
4480867.3	SEED	putative bacitracin synthetase	306	-9.003	98.179	29.974	3	
4480867.3	SEED	macrolide-efflux determinant	320	-5.631	93.154	25.853	2	
4480867.3	SEED	TyB Gag-Pol protein; proteolytically processed to make the Gag, RT, PR, and IN proteins that are required for retrotransposition	327	-9.312	98.709	30.404	6	
4480867.3	SEED	Phosphoribosylanthranilate isomerase (EC 5.3.1.24) / Tryptophan synthase beta chain (EC 4.2.1.20)	328	-5.171	83.648	27.872	1	
4480867.3	SEED	Probable glycolate oxidase subunit	330	-6.482	85.576	29.37	2	
4480867.3	SEED	isopropylmalate/homocitrate/citramalate synthase-like protein	331	-6.123	79.291	29.529	15	
4480867.3	SEED	gene D protein	334	-9.048	99.019	30.395	1	
4480867.3	SEED	regulatory component of sensory transduction system	338	-5.775	85.591	29.423	1	
4480867.3	SEED	Spore germination protein KA	338	-5.142	82.973	28.678	11	
4480867.3	SEED	Spermidine synthase-like protein	339	-5.196	86.573	27.141	18	
4480867.3	SEED	Butyryl-CoA dehydrogenase (EC 1.1.1.35)	341	-6.073	79.387	30.543	1	
4480867.3	SEED	NAD-dependent formate dehydrogenase beta subunit	343	-6.27	83.711	28.983	22	
4480867.3	SEED	NADPH-dependent 7-cyano-7-deazaguanine reductase (EC 1.7.1.-)	343	-5.986	82.748	27.736	69	
4480867.3	SEED	negative regulator of genetic competence ClpC/mecB	349	-5.842	80.422	30.109	1	
4480867.3	SEED	Putative glutamate mutase subumit E	354	-6.184	82.048	30.323	11	
4480867.3	SEED	probable ATP binding protein of ABC transporter	354	-5.814	78.489	30.421	4	
4480867.3	SEED	Type A flavoprotein	356	-5.407	77.043	29.649	6	
4480867.3	SEED	The authentic, non-tagged protein was localized to the mitochondria	357	-7.888	98.091	28.35	34	
4480867.3	SEED	Nitrogenase (iron-iron) alpha chain (EC 1.18.6.1)	359	-6.663	81.905	29.529	9	
4480867.3	SEED	Nitrogenase (vanadium-iron) beta chain (EC 1.18.6.1)	361	-5.388	84.981	27.396	8	
4480867.3	SEED	protein of unknown function DUF711	362	-5	77.39	30.155	3	
4480867.3	SEED	ISPsy5, Orf1	363	-5.027	83.081	25.847	10	
4480867.3	SEED	glucose-1-phosphate adenylyltransferase related protein	363	-6.399	80.69	29.567	2	
4480867.3	SEED	Tetracycline resistance protein TetO	365	-6.863	83.665	30.018	4	
4480867.3	SEED	Bacteriocin-like protein	369	-6.035	87.59	27.377	5	
4480867.3	SEED	Bacterial regulatory proteins, ArsR family	370	-5.235	80.462	29.724	4	
4480867.3	SEED	GDP-mannose 4,6-dehydratase (EC 4.2.1.47)	372	-6.467	83.901	28.652	51	
4480867.3	SEED	Propanediol dehydratase large subunit (EC 4.2.1.28)	374	-5.418	79.31	29.546	26	
4480867.3	SEED	Serine protein kinase (prkA protein), P-loop containing	378	-6.148	85.209	28.488	22	
4480867.3	SEED	Putative retroelement	380	-5.545	86.023	26.968	31	
4480867.3	SEED	LuxR family transcriptional regulator	381	-6.068	80.901	29.22	13	
4480867.3	SEED	Glucose-6-phosphate 1-dehydrogenase (EC 1.1.1.49)	387	-5.058	85.863	26.628	118	
4480867.3	SEED	Cystathionine beta-lyase family protein, YNBB B.subtilis ortholog	389	-5.373	78.963	29.077	3	
4480867.3	SEED	Formylmethanofuran dehydrogenase (molybdenum) subunit B (EC 1.2.99.5)	389	-6.203	80.716	29.252	6	
4480867.3	SEED	Putative surface protein, peptide binding domain	389	-6.129	80.331	29.378	2	
4480867.3	SEED	Molybdate metabolism regulator	390	-7.726	87.802	30.654	5	
4480867.3	SEED	secretory protein kinase	393	-5.802	81.173	30.183	8	
4480867.3	SEED	transcriptional regulator, gntR family	399	-7.87	92.183	31.316	1	
4480867.3	SEED	mRNA 3&#39;-end processing factor, putative	400	-5.155	85.238	27.047	2	
4480867.3	SEED	MunI-like protein	408	-5.409	77.67	28.282	4	
4480867.3	SEED	Putative methyltransferase (EC 2.1.1.72)	417	-5.071	80.844	26.128	12	
4480867.3	SEED	Aminotransferase, class I and II	426	-5.197	78.258	29.167	14	
4480867.3	SEED	LSU ribosomal protein L36p	428	-5.355	91.925	24.067	75	
4480867.3	SEED	Protoporphyrinogen oxidase	429	-5.345	79.204	27.611	5	
4480867.3	SEED	Aminopeptidase N	432	-5.28	85.267	26.413	26	
4480867.3	SEED	CDS_ID OB3320	433	-5.483	80.909	29.353	1	
4480867.3	SEED	NAD-specific glutamate dehydrogenase (EC 1.4.1.2) / NADP-specific glutamate dehydrogenase (EC 1.4.1.4)	434	-5.795	79.176	29.825	15	
4480867.3	SEED	1,4-alpha-glucan (glycogen) branching enzyme (EC 2.4.1.18)	436	-6.985	78.566	29.662	17	
4480867.3	SEED	Putative ATP-dependent Clp protease	439	-5.305	77.271	29.866	4	
4480867.3	SEED	endolysin, putative	442	-5.652	83.583	27.129	2	
4480867.3	SEED	Pyruvate dehydrogenase (acetyl-transferring)( EC:1.2.4.1 )	445	-5.164	78.041	27.353	4	
4480867.3	SEED	plasmid transfer factor-related protein	446	-6.953	88.731	29.603	1	
4480867.3	SEED	UDP-glucose/GDP-mannose dehydrogenase family	462	-5.621	76.928	30.394	6	
4480867.3	SEED	N-acetylmuramoyl-L-alanine amidase domain protein	464	-5.608	81.619	27.302	7	
4480867.3	SEED	67 kDa myosin-cross-reactive antigen-like protein	466	-6.863	79.968	30.268	3	
4480867.3	SEED	Putrescine carbamoyltransferase (EC 2.1.3.6)	467	-5.017	81.038	27.669	17	
4480867.3	SEED	67 kDa Myosin-crossreactive antigen	470	-6.816	81.034	29.902	3	
4480867.3	SEED	Methyl coenzyme M reductase alpha subunit (EC 2.8.4.1)	475	-5.766	80.501	29.531	15	
4480867.3	SEED	Anthranilate synthase, aminase component (EC 4.1.3.27)	477	-5.14	77.643	29.164	7	
4480867.3	SEED	Methyl coenzyme M reductase I gamma subunit (EC 2.8.4.1)	483	-5.135	80.747	27.934	8	
4480867.3	SEED	Translation elongation factor 1 alpha subunit	486	-5.298	79.898	28.436	40	
4480867.3	SEED	Homolog of the thiazole biosynthesis protein ThiH (not related to thiamin)	486	-5.607	82.105	28.525	20	
4480867.3	SEED	Capsular polysaccharide synthesis enzyme Cap5G; UDP-N-acetylglucosamine 2-epimerase (EC 5.1.3.14)	496	-5.237	77.695	29.47	8	
4480867.3	SEED	Membrane-associated protein containing a homolog of PilT-like ATPase N-terminal domain, YACL B.subtilis ortholog	496	-5.413	85.887	27.939	37	
4480867.3	SEED	METHYL-ACCEPTING CHEMOTAXIS PROTEIN II	502	-5.386	82.975	30.337	4	
4480867.3	SEED	Ferritin-like protein Rsg	505	-6.036	80.103	28.756	1	
4480867.3	SEED	Ribose/galactose ABC transporter, permease protein	506	-5.121	81.693	28.937	1	
4480867.3	SEED	Sensory transduction histidine kinase (HisKA and HATPase_c domains)	510	-5.553	82.546	29.612	1	
4480867.3	SEED	Glutaconate CoA-transferase subunit B (EC 2.8.3.12)	511	-5.084	76.516	29.376	4	
4480867.3	SEED	Anaerobic sulfite reductase subunit C (EC 1.8.1.-)	512	-5.203	76.335	28.479	26	
4480867.3	SEED	67 kDa Myosin-crossreactive streptococcal antigen homologue	519	-5.407	77.668	28.498	11	
4480867.3	SEED	Putative ABC transporter ATP-binding protein exp8 (Exported protein 8)	526	-5.681	81.275	30.105	1	
4480867.3	SEED	dipeptidase, truncated	528	-5.89	73.16	30.028	2	
4480867.3	SEED	Uncharacterized protein YphG, TPR-domain containing	528	-5.041	77.416	27.72	22	
4480867.3	SEED	Ferric iron ABC transporter, ATP-binding protein # pitD	529	-5.324	80.289	29.01	20	
4480867.3	SEED	ABC transporter, ATPase component	531	-5.868	86.211	28.796	6	
4480867.3	SEED	putative dihydroxyacid dehydratase	537	-5.748	81.23	29.375	6	
4480867.3	SEED	Putative tail protein-phage associated	541	-5.477	84.317	29.298	3	
4480867.3	SEED	DNA repair and recombination protein RadA	546	-5.029	81.641	28.685	44	
4480867.3	SEED	Transposase, IS200 family	549	-5.486	81.427	27.464	6	
4480867.3	SEED	predicted Fe-S oxidoreductase	550	-5.227	80.077	26.355	1	
4480867.3	SEED	Response regulator (CheY-like and HTH domains)	550	-5.515	85.301	28.28	2	
4480867.3	SEED	Alkyl hydroperoxide reductase protein C (EC 1.6.4.-)	554	-5.807	77.782	29.675	120	
4480867.3	SEED	Geranyltranstransferase (farnesyldiphosphate synthase) (EC 2.5.1.10)	561	-5.17	78.126	28.097	32	
4480867.3	SEED	glycosidase, PH1107-related	565	-5.065	78.366	27.703	6	
4480867.3	SEED	Long-chain-fatty-acid--CoA ligase (EC 6.2.1.3) / Acetoacetyl-CoA synthetase [leucine] (EC 6.2.1.16)	568	-5.195	76.003	29.155	7	
4480867.3	SEED	ACYL-COA dehydrogenase, short-chain specific (EC 1.3.99.2)	570	-5.811	80.953	29.628	2	
4480867.3	SEED	Capsular polysaccharide synthesis enzyme Cap5F	577	-5.784	77.169	29.286	11	
4480867.3	SEED	GTP-sensing transcriptional pleiotropic repressor codY	589	-5.058	84.573	28.249	49	
4480867.3	SEED	sensor protein resE	602	-5.226	81.918	28.953	3	
4480867.3	SEED	Probable L-ascorbate-6-phosphate lactonase UlaG (EC 3.1.1.-) (L-ascorbate utilization protein G)	603	-5.381	77.716	27.834	48	
4480867.3	SEED	Glycogen debranching enzyme (EC 3.2.1.-)	620	-5.427	84.886	26.607	127	
4480867.3	SEED	phage terminase, large subunit, putative	623	-5.706	81.586	28.106	9	
4480867.3	SEED	Nucleotide-binding protein	646	-5.339	76.936	28.906	9	
4480867.3	SEED	Phosphoenolpyruvate carboxylase (EC 4.1.1.31)	663	-5.137	83.955	27.629	72	
4480867.3	SEED	Protein required for cell viability	664	-8.247	97.994	29.136	58	
4480867.3	SEED	L-arabinose transport ATP-binding protein araG (EC 3.6.3.17)	664	-5.627	79.656	30.018	5	
4480867.3	SEED	Dienelactone hydrolase and related enzymes	671	-5.871	80.514	29.162	42	
4480867.3	SEED	NADH-dependent butanol dehydrogenase( EC:1.1.1.- )	683	-5.22	79.922	28.902	1	
4480867.3	SEED	Nitric oxide reductase activation protein NorQ	692	-6.13	84.568	29.162	12	
4480867.3	SEED	Nitrogenase subunit NifH paralog, type 1	717	-5.312	80.733	28.618	26	
4480867.3	SEED	Bacitracin ABC transporter, permease	718	-6.454	85.538	29.787	5	
4480867.3	SEED	ACYL-COA DEHYDROGENASE, SHORT-CHAIN SPECIFIC	721	-6.72	83.186	30.653	2	
4480867.3	SEED	aryl-alcohol dehydrogenase	721	-5.09	77.301	29.685	4	
4480867.3	SEED	NADPH-dependent butanol dehydrogenase (EC 1.1.1.-) (BDH)	723	-5.682	80.657	29.295	3	
4480867.3	SEED	Thiazole biosynthesis protein ThiH	724	-5.164	80.985	28.102	90	
4480867.3	SEED	Lantibiotic transport ATP-binding protein srtF	740	-5.786	80.467	30.379	6	
4480867.3	SEED	glycosyl hydrolase, family 4	748	-5.498	79.2	29.392	10	
4480867.3	SEED	pyoverdine chromophore precursor synthetase	768	-7.785	95.265	29.031	16	
4480867.3	SEED	short chain dehydrogenase	777	-5.805	91.622	27.073	92	
4480867.3	SEED	Xylulose-5-phosphate phosphoketolase (EC 4.1.2.9) / Fructose-6-phosphate phosphoketolase (EC 4.1.2.22)	793	-6.758	80.713	29.974	9	
4480867.3	SEED	Methyl coenzyme M reductase I alpha subunit (EC 2.8.4.1)	802	-6.231	83.491	29.289	9	
4480867.3	SEED	Ethanolamine ammonia-lyase heavy chain (EC 4.3.1.7)	811	-5.176	80.853	28.426	102	
4480867.3	SEED	67 kDa Myosin-crossreactive streptococcal antigen	814	-6.757	81.684	29.722	10	
4480867.3	SEED	Glutaconyl-CoA decarboxylase alpha chain (EC 4.1.1.70)	845	-5.051	78.275	28.701	3	
4480867.3	SEED	Glycine reductase component B gamma subunit (EC 1.21.4.2) @ selenocysteine-containing	855	-5.98	81.423	29.393	17	
4480867.3	SEED	Myosin-crossreactive antigen	869	-6.322	81.598	28.749	11	
4480867.3	SEED	Putative ion-channel protein	896	-5.425	77.795	28.856	45	
4480867.3	SEED	Serine--pyruvate aminotransferase (EC 2.6.1.51)	901	-5.548	78.505	29.38	18	
4480867.3	SEED	FIG003307: hypothetical protein	904	-5.26	87.857	27.611	32	
4480867.3	SEED	Inositol-1-phosphate synthase (EC 5.5.1.4)	906	-5.276	82.401	28.192	88	
4480867.3	SEED	Predicted cell-wall-anchored protein SasA (LPXTG motif)	912	-6.37	91.638	27.725	28	
4480867.3	SEED	traE protein, putative	926	-5.617	81.015	29.106	2	
4480867.3	SEED	Pyruvate-utilizing enzyme, similar to phosphoenolpyruvate synthase	947	-5.267	83.562	28.098	48	
4480867.3	SEED	Glycine reductase component B beta subunit (EC 1.21.4.2) / Glycine reductase component B alpha subunit (EC 1.21.4.2)	951	-6.182	80.267	30.186	18	
4480867.3	SEED	Similar to carbon monoxide dehydrogenase CooS subunit	953	-5.783	82.06	29.096	22	
4480867.3	SEED	UDP-glucose 6-dehydrogenase	968	-5.579	79.705	29.036	19	
4480867.3	SEED	2-amino-3-ketobutyrate coenzyme A ligase (EC 2.3.1.29)	979	-5.278	80.958	29.307	98	
4480867.3	SEED	Circadian phase modifier @ NCAIR mutase (PurE)-related protein	981	-5.059	82.895	28.375	16	
4480867.3	SEED	ABC-type multidrug/protein/lipid transport system, membrane ATPase component	1012	-5.295	78.663	29.435	2	
4480867.3	SEED	Malate dehydrogenase (oxaloacetate-decarboxylating)( EC:1.1.1.38 )	1016	-6.301	80.932	30.506	6	
4480867.3	SEED	Exonuclease SbcD / Exonuclease SbcC	1038	-5.759	84.693	28.165	1	
4480867.3	SEED	Membrane-bound transport protein	1038	-5.37	82.055	29.286	4	
4480867.3	SEED	putative 67 kDa myosin-crossreactive streptococcal antigen	1081	-6.111	80.088	28.94	9	
4480867.3	SEED	probable aminotransferase	1089	-5.502	81.215	28.376	29	
4480867.3	SEED	Nitrogenase vanadium-cofactor synthesis protein VnfE	1146	-5.152	81.428	27.596	17	
4480867.3	SEED	putative ABC transporter, ATP-binding protein MutF	1149	-5.821	81.436	30.279	6	
4480867.3	SEED	ferrous iron transport protein B	1164	-5.064	80.68	27.968	10	
4480867.3	SEED	ATP-dependent protease LonB-like Type I	1169	-5.313	81.039	28.777	20	
4480867.3	SEED	Catalase (EC 1.11.1.6) / Peroxidase (EC 1.11.1.7)	1203	-6.219	81.294	29.52	169	
4480867.3	SEED	ABC transporter, ATP-binding transmembrane protein	1210	-5.019	81.289	28.358	4	
4480867.3	SEED	[Acyl-carrier-protein] acetyl transferase of FASI (EC 2.3.1.38) / Enoyl-[acyl-carrier-protein] reductase of FASI (EC 1.3.1.9) / 3-hydroxypalmitoyl-[acyl-carrier-protein] dehydratase of FASI (EC 4.2.1.61) / [Acyl-carrier-protein] malonyl transferase of FASI (EC 2.3.1.39) / [Acyl-carrier-protein] palmitoyl transferase of FASI (EC 2.3.1.-) / Acyl carrier protein of FASI / 3-oxoacyl-[acyl-carrier-protein] reductase of FASI (EC 1.1.1.100) / 3-oxoacyl-[acyl-carrier-protein] synthase of FASI (EC 2.3.1.41)	1229	-6.133	84.155	29.31	21	
4480867.3	SEED	Protein hypA	1230	-5.12	80.384	28.449	5	
4480867.3	SEED	Nitrogenase (molybdenum-iron) reductase and maturation protein NifH	1232	-5.326	82.882	28.127	94	
4480867.3	SEED	Phage terminase large subunit @ intein-containing	1246	-6.635	82.456	29.322	7	
4480867.3	SEED	Pyridoxine biosynthesis glutamine amidotransferase, synthase subunit (EC 2.4.2.-)	1268	-5.902	85.319	29.476	179	
4480867.3	SEED	MRP-family nucleotide-binding protein	1277	-5.253	77.647	29.171	6	
4480867.3	SEED	Iron-sulfur cluster assembly scaffold protein IscU/NifU-like	1286	-5.064	82.824	27.315	70	
4480867.3	SEED	putative copia-type pol polyprotein	1293	-5.599	79.75	29.065	6	
4480867.3	SEED	Glucosamine-1-phosphate N-acetyltransferase (EC 2.3.1.157)	1301	-5.34	80.368	28.138	10	
4480867.3	SEED	putative cation-transporting P-type ATPase PacL	1307	-5.021	81.243	29.045	3	
4480867.3	SEED	Activator of (R) -2-hydroxyglutaryl-CoA dehydratase	1350	-5.014	76.982	28.518	2	
4480867.3	SEED	Alpha-glucosyltransferase YihQ	1394	-5.177	74.159	27.984	21	
4480867.3	SEED	flavoprotein	1395	-5.817	78.346	29.675	13	
4480867.3	SEED	iron aquisition yersiniabactin synthesis enzyme (Irp2)	1442	-7.963	94.57	29.508	40	
4480867.3	SEED	NADPH-dependent butanol dehydrogenase (EC 1.1.1.-)	1470	-5.829	79.487	29.952	6	
4480867.3	SEED	NAD-specific glutamate dehydrogenase (EC 1.4.1.2)	1511	-5.093	77.676	28.599	68	
4480867.3	SEED	Methylenomycin A resistance protein	1541	-5.074	82.628	28.334	16	
4480867.3	SEED	Translation elongation factor 2	1552	-5.237	80.728	28.649	59	
4480867.3	SEED	Energy-conserving hydrogenase (ferredoxin), subunit C	1573	-5.356	78.219	27.96	25	
4480867.3	SEED	A protein	1576	-8.936	96.398	29.911	23	
4480867.3	SEED	Ribonucleotide reductase of class Ib (aerobic), alpha subunit (EC 1.17.4.1)	1610	-5.1	79.732	28.469	128	
4480867.3	SEED	6,7-dimethyl-8-ribityllumazine synthase (EC 2.5.1.9)	1611	-5.414	82.813	28.767	191	
4480867.3	SEED	rf replication, viral strand synthesis protein	1631	-9.914	98.586	31.099	1	
4480867.3	SEED	TRSE-LIKE PROTEIN	1663	-6.234	83.852	29.488	1	
4480867.3	SEED	4-hydroxybutanoyl-CoA dehydratase (EC 4.2.1.-) / Vinylacetyl-CoA Delta-isomerase (EC 5.3.3.3)	1665	-6.13	81.061	29.927	5	
4480867.3	SEED	DNA-damage repair protein	1680	-6.008	84.604	29.017	7	
4480867.3	SEED	Translation initiation factor 1	1708	-5.193	84.929	27.005	196	
4480867.3	SEED	Thymidylate synthase (EC 2.1.1.45)	1716	-5.624	81.202	28.142	217	
4480867.3	SEED	SSU ribosomal protein S19p (S15e)	1718	-5.405	82.181	27.084	200	
4480867.3	SEED	Phage capsid assembly	1739	-8.031	95.324	29.662	33	
4480867.3	SEED	LSU ribosomal protein L27p	1772	-5.634	85.123	28.135	178	
4480867.3	SEED	Deoxycytidine triphosphate deaminase (EC 3.5.4.13)	1805	-5.042	77.699	28.395	100	
4480867.3	SEED	Arginine decarboxylase (EC 4.1.1.19); Lysine decarboxylase (EC 4.1.1.18); Ornithine decarboxylase (EC 4.1.1.17)	1872	-5.224	81.256	28.338	23	
4480867.3	SEED	nucleotide-binding protein	1971	-5.506	78	29.19	15	
4480867.3	SEED	TraE	1977	-5.833	83.326	29.042	1	
4480867.3	SEED	NifU-related domain containing protein	2073	-7.675	86.117	30.541	17	
4480867.3	SEED	Transcription termination factor Rho	2187	-5.047	84.039	27.635	263	
4480867.3	SEED	Tryptophan synthase beta chain like (EC 4.2.1.20)	2221	-5.087	77.655	28.825	142	
4480867.3	SEED	Glutamate decarboxylase (EC 4.1.1.15)	2253	-5.06	77.574	27.729	99	
4480867.3	SEED	Mll0231 protein	2386	-6.412	80.999	28.89	4	
4480867.3	SEED	Arginine decarboxylase (EC 4.1.1.19)	2393	-5.223	77.665	29.354	44	
4480867.3	SEED	Peptide chain release factor 2	2428	-5.358	78.901	28.889	168	
4480867.3	SEED	SSU ribosomal protein S11p (S14e)	2472	-5.728	85.186	28.58	221	
4480867.3	SEED	SSU ribosomal protein S12p (S23e)	2510	-5.655	85.915	27.742	258	
4480867.3	SEED	Carboxynorspermidine dehydrogenase	2694	-7.262	82.931	30.17	78	
4480867.3	SEED	LSU ribosomal protein L11p (L12e)	2820	-5.284	80.709	29.325	287	
4480867.3	SEED	Tn5252, Orf23	2834	-5.179	76.742	29.496	7	
4480867.3	SEED	LSU ribosomal protein L14p (L23e)	2840	-5.924	84.448	29.412	227	
4480867.3	SEED	Prolyl-tRNA synthetase (EC 6.1.1.15)	2850	-5.762	78.375	29.329	88	
4480867.3	SEED	3,4-dihydroxy-2-butanone 4-phosphate synthase / GTP cyclohydrolase II (EC 3.5.4.25)	2903	-5.517	81.263	28.751	227	
4480867.3	SEED	Unknown pentose isomerase TM0951	2911	-5.665	81.506	27.461	24	
4480867.3	SEED	Glutamine amidotransferase, class-II	2941	-5.055	78.447	28.113	44	
4480867.3	SEED	Ferredoxin 3 fused to uncharacterized domain	2942	-5.554	81.991	27.519	46	
4480867.3	SEED	LSU ribosomal protein L16p (L10e)	3122	-5.611	82.955	28.037	241	
4480867.3	SEED	Xylulose-5-phosphate phosphoketolase (EC 4.1.2.9); Fructose-6-phosphate phosphoketolase (EC 4.1.2.22)	3146	-5.86	78.521	28.953	154	
4480867.3	SEED	Hypothetical ORF	3191	-7.932	97.763	28.464	353	
4480867.3	SEED	Alpha-N-arabinofuranosidase 2 (EC 3.2.1.55)	3303	-5.156	75.885	28.126	38	
4480867.3	SEED	AICAR transformylase domain of PurH-like protein	3366	-6.645	81.934	30.213	8	
4480867.3	SEED	Urocanate hydratase (EC 4.2.1.49)	3382	-6.147	81.63	29.147	86	
4480867.3	SEED	Phage major capsid protein #Fam0055	3536	-10.073	97.56	31.147	17	
4480867.3	SEED	transposase mutator type	3800	-5.293	84.752	27.513	7	
4480867.3	SEED	Translation elongation factor P	3983	-5.332	78.081	29.027	251	
4480867.3	SEED	LSU ribosomal protein L5p (L11e)	4100	-5.57	79.396	29.307	345	
4480867.3	SEED	predicted xylose isomerase	4102	-5.03	77.561	28.586	6	
4480867.3	SEED	Phosphate starvation-inducible protein PhoH, predicted ATPase	4168	-5.633	81.136	29.536	262	
4480867.3	SEED	NAD-reducing hydrogenase subunit HoxF (EC 1.12.1.2)	4179	-5.39	79.501	28.66	104	
4480867.3	SEED	2-deoxy-D-gluconate 3-dehydrogenase (EC 1.1.1.125)	4311	-5.351	82.896	28.166	151	
4480867.3	SEED	Phage capsid and scaffold	4431	-8.174	96.193	30.005	105	
4480867.3	SEED	no significant homology.	4432	-5.762	83.466	28.522	87	
4480867.3	SEED	TraE-like protein	4432	-6.031	83.273	29.258	2	
4480867.3	SEED	ATP-dependent Clp protease proteolytic subunit (EC 3.4.21.92)	4617	-5.327	81.488	28.641	506	
4480867.3	SEED	Multiple sugar ABC transporter, ATP-binding protein	4624	-5.456	81.251	28.707	97	
4480867.3	SEED	EF hand domain/PKD domain protein	4714	-5.179	80.078	28.321	10	
4480867.3	SEED	NADP-specific glutamate dehydrogenase (EC 1.4.1.4)	4761	-5.294	78.583	28.986	278	
4480867.3	SEED	LSU ribosomal protein L1p (L10Ae)	4832	-5.344	78.499	29.352	296	
4480867.3	SEED	LSU ribosomal protein L2p (L8e)	4950	-5.405	80.208	28.665	385	
4480867.3	SEED	ATP synthase beta chain (EC 3.6.3.14)	5124	-5.956	83.025	29.514	473	
4480867.3	SEED	Bacitracin transport ATP-binding protein bcrA	5132	-5.538	82.942	28.988	37	
4480867.3	SEED	SSU ribosomal protein S2p (SAe)	5272	-6.492	83.892	29.916	272	
4480867.3	SEED	Tyrosyl-tRNA synthetase (EC 6.1.1.1) ## cluster 1	5279	-5.129	78.297	28.272	230	
4480867.3	SEED	Type II secretion system protein E	5345	-5.366	80.489	29.158	15	
4480867.3	SEED	Prolyl-tRNA synthetase (EC 6.1.1.15) ## Archaeal type	5609	-5.959	78.264	29.142	159	
4480867.3	SEED	Isocitrate dehydrogenase [NADP] (EC 1.1.1.42)	5621	-6.305	80.987	29.716	191	
4480867.3	SEED	putative gag-pol precursor	5635	-6.183	90.669	27.326	27	
4480867.3	SEED	Phosphate transport ATP-binding protein PstB (TC 3.A.1.7.1)	5696	-5.161	79.935	28.723	539	
4480867.3	SEED	Tryptophan synthase beta chain (EC 4.2.1.20)	6039	-5.792	80.217	29.435	465	
4480867.3	SEED	TrsK-like protein	6079	-6.86	84.754	29.679	16	
4480867.3	SEED	ATP-dependent Clp protease, ATP-binding subunit ClpC / Negative regulator of genetic competence clcC/mecB	6119	-5.496	80.904	29.129	160	
4480867.3	SEED	Ketol-acid reductoisomerase (EC 1.1.1.86)	6172	-5.374	78.751	29.257	421	
4480867.3	SEED	FIG002344: Hydrolase (HAD superfamily)	6199	-5.543	79.125	29.959	90	
4480867.3	SEED	tRNA-guanine transglycosylase (EC 2.4.2.29)	6206	-5.293	77.433	29.056	403	
4480867.3	SEED	Flavoprotein	6590	-6.087	79	29.759	50	
4480867.3	SEED	Holliday junction DNA helicase RuvB	6610	-5.001	79.205	29.127	475	
4480867.3	SEED	Argininosuccinate synthase (EC 6.3.4.5)	6879	-5.076	78.962	28.706	383	
4480867.3	SEED	Peptide chain release factor 3	7278	-5.969	81.393	29.394	240	
4480867.3	SEED	RecA protein	7450	-5.824	81.437	29.838	514	
4480867.3	SEED	Adenylosuccinate lyase (EC 4.3.2.2)	7707	-5.096	79.439	28.889	383	
4480867.3	SEED	Potassium-transporting ATPase B chain (EC 3.6.3.12) (TC 3.A.3.7.1)	7962	-5.171	82.899	28.92	280	
4480867.3	SEED	Glucose-6-phosphate isomerase (EC 5.3.1.9)	8000	-5.028	78.128	28.69	275	
4480867.3	SEED	Cellobiose phosphorylase (EC 2.4.1.-)	8051	-5.566	78.012	28.496	20	
4480867.3	SEED	RNA polymerase sigma factor RpoD	8181	-5.573	86.247	28.108	401	
4480867.3	SEED	Asparaginyl-tRNA synthetase (EC 6.1.1.22)	8205	-5.867	78.803	29.557	253	
4480867.3	SEED	Enolase (EC 4.2.1.11)	8304	-5.349	81.042	29.246	658	
4480867.3	SEED	ATP-dependent Clp protease ATP-binding subunit ClpX	8562	-5.617	82.162	29.177	547	
4480867.3	SEED	TrsE-like protein	8750	-6.646	83.231	30.286	17	
4480867.3	SEED	S-adenosylmethionine synthetase (EC 2.5.1.6)	8781	-5.205	79.436	28.635	550	
4480867.3	SEED	Glutamine synthetase type III, GlnN (EC 6.3.1.2)	8831	-5.386	78.155	29.202	94	
4480867.3	SEED	Serine hydroxymethyltransferase (EC 2.1.2.1)	9024	-5.857	79.791	29.934	656	
4480867.3	SEED	V-type ATP synthase subunit B (EC 3.6.3.14)	9775	-5.83	80.859	29.694	120	
4480867.3	SEED	Glycyl-tRNA synthetase (EC 6.1.1.14)	9776	-6.457	82.474	28.923	213	
4480867.3	SEED	Heat shock protein 60 family chaperone GroEL	9952	-5.922	83.437	30.023	620	
4480867.3	SEED	V-type ATP synthase subunit A (EC 3.6.3.14)	10026	-5.609	81.049	28.927	144	
4480867.3	SEED	Translation elongation factor Tu	10379	-7.784	88.301	30.34	540	
4480867.3	SEED	CTP synthase (EC 6.3.4.2)	12119	-5.552	78.717	29.361	637	
4480867.3	SEED	Hydroxylamine reductase (EC 1.7.-.-)	12293	-6.143	83.546	29.086	201	
4480867.3	SEED	Glutamate synthase [NADPH] large chain (EC 1.4.1.13)	12853	-5.215	80.787	28.456	481	
4480867.3	SEED	Translation elongation factor LepA	13240	-5.735	80.088	29.9	580	
4480867.3	SEED	Methionyl-tRNA synthetase (EC 6.1.1.10)	13419	-5.054	78.467	27.955	547	
4480867.3	SEED	Butyryl-CoA dehydrogenase (EC 1.3.99.2)	14084	-5.701	81.348	29.51	361	
4480867.3	SEED	Pyruvate,phosphate dikinase (EC 2.7.9.1)	14561	-5.54	80.095	29.392	267	
4480867.3	SEED	Threonyl-tRNA synthetase (EC 6.1.1.3)	14599	-5.059	77.174	28.526	613	
4480867.3	SEED	Excinuclease ABC subunit B	14907	-5.826	81.181	29.713	658	
4480867.3	SEED	Chaperone protein DnaK	15951	-5.986	84.223	29.573	674	
4480867.3	SEED	Translation elongation factor G	17220	-5.763	80.581	29.571	653	
4480867.3	SEED	Valyl-tRNA synthetase (EC 6.1.1.9)	17724	-5.162	78.491	27.768	664	
4480867.3	SEED	Excinuclease ABC subunit A	21433	-5.651	80.643	29.077	689	
4480867.3	SEED	DNA-directed RNA polymerase beta subunit (EC 2.7.7.6)	22710	-6.369	83.211	29.772	541	
4480867.3	SEED	Ribonucleotide reductase of class III (anaerobic), large subunit (EC 1.17.4.2)	23013	-5.825	81.931	28.556	256	
4480867.3	SEED	DNA-directed RNA polymerase beta&#39; subunit (EC 2.7.7.6)	23404	-5.66	82.393	29.036	526	
4480867.3	SEED	Pyruvate-flavodoxin oxidoreductase (EC 1.2.7.-)	31282	-5.051	77.836	28.631	233	
